file_path,filename,class_name,width,height,aspect_ratio,mode,file_size_kb,split
data\test\crazing\crazing_test_000.png,crazing_test_000.png,crazing,224,224,1.0,RGB,114.22,test
data\test\crazing\crazing_test_001.png,crazing_test_001.png,crazing,224,224,1.0,RGB,114.42,test
data\test\crazing\crazing_test_002.png,crazing_test_002.png,crazing,224,224,1.0,RGB,113.71,test
data\test\crazing\crazing_test_003.png,crazing_test_003.png,crazing,224,224,1.0,RGB,113.8,test
data\test\crazing\crazing_test_004.png,crazing_test_004.png,crazing,224,224,1.0,RGB,114.04,test
data\test\inclusion\inclusion_test_000.png,inclusion_test_000.png,inclusion,224,224,1.0,RGB,112.02,test
data\test\inclusion\inclusion_test_001.png,inclusion_test_001.png,inclusion,224,224,1.0,RGB,111.94,test
data\test\inclusion\inclusion_test_002.png,inclusion_test_002.png,inclusion,224,224,1.0,RGB,111.37,test
data\test\inclusion\inclusion_test_003.png,inclusion_test_003.png,inclusion,224,224,1.0,RGB,111.78,test
data\test\inclusion\inclusion_test_004.png,inclusion_test_004.png,inclusion,224,224,1.0,RGB,111.37,test
data\test\normal\normal_test_000.png,normal_test_000.png,normal,224,224,1.0,RGB,97.38,test
data\test\normal\normal_test_001.png,normal_test_001.png,normal,224,224,1.0,RGB,97.44,test
data\test\normal\normal_test_002.png,normal_test_002.png,normal,224,224,1.0,RGB,97.46,test
data\test\normal\normal_test_003.png,normal_test_003.png,normal,224,224,1.0,RGB,97.39,test
data\test\normal\normal_test_004.png,normal_test_004.png,normal,224,224,1.0,RGB,97.44,test
data\test\patches\patches_test_000.png,patches_test_000.png,patches,224,224,1.0,RGB,89.88,test
data\test\patches\patches_test_001.png,patches_test_001.png,patches,224,224,1.0,RGB,100.62,test
data\test\patches\patches_test_002.png,patches_test_002.png,patches,224,224,1.0,RGB,98.1,test
data\test\patches\patches_test_003.png,patches_test_003.png,patches,224,224,1.0,RGB,98.46,test
data\test\patches\patches_test_004.png,patches_test_004.png,patches,224,224,1.0,RGB,104.85,test
data\test\pitted_surface\pitted_surface_test_000.png,pitted_surface_test_000.png,pitted_surface,224,224,1.0,RGB,112.87,test
data\test\pitted_surface\pitted_surface_test_001.png,pitted_surface_test_001.png,pitted_surface,224,224,1.0,RGB,112.73,test
data\test\pitted_surface\pitted_surface_test_002.png,pitted_surface_test_002.png,pitted_surface,224,224,1.0,RGB,113.08,test
data\test\pitted_surface\pitted_surface_test_003.png,pitted_surface_test_003.png,pitted_surface,224,224,1.0,RGB,113.09,test
data\test\pitted_surface\pitted_surface_test_004.png,pitted_surface_test_004.png,pitted_surface,224,224,1.0,RGB,112.94,test
data\test\rolled-in_scale\rolled-in_scale_test_000.png,rolled-in_scale_test_000.png,rolled-in_scale,224,224,1.0,RGB,108.25,test
data\test\rolled-in_scale\rolled-in_scale_test_001.png,rolled-in_scale_test_001.png,rolled-in_scale,224,224,1.0,RGB,110.21,test
data\test\rolled-in_scale\rolled-in_scale_test_002.png,rolled-in_scale_test_002.png,rolled-in_scale,224,224,1.0,RGB,105.86,test
data\test\rolled-in_scale\rolled-in_scale_test_003.png,rolled-in_scale_test_003.png,rolled-in_scale,224,224,1.0,RGB,107.1,test
data\test\rolled-in_scale\rolled-in_scale_test_004.png,rolled-in_scale_test_004.png,rolled-in_scale,224,224,1.0,RGB,109.44,test
data\test\scratches\scratches_test_000.png,scratches_test_000.png,scratches,224,224,1.0,RGB,113.3,test
data\test\scratches\scratches_test_001.png,scratches_test_001.png,scratches,224,224,1.0,RGB,113.37,test
data\test\scratches\scratches_test_002.png,scratches_test_002.png,scratches,224,224,1.0,RGB,113.09,test
data\test\scratches\scratches_test_003.png,scratches_test_003.png,scratches,224,224,1.0,RGB,113.11,test
data\test\scratches\scratches_test_004.png,scratches_test_004.png,scratches,224,224,1.0,RGB,113.23,test
data\train\crazing\crazing_train_000.png,crazing_train_000.png,crazing,224,224,1.0,RGB,113.87,train
data\train\crazing\crazing_train_001.png,crazing_train_001.png,crazing,224,224,1.0,RGB,114.02,train
data\train\crazing\crazing_train_002.png,crazing_train_002.png,crazing,224,224,1.0,RGB,114.07,train
data\train\crazing\crazing_train_003.png,crazing_train_003.png,crazing,224,224,1.0,RGB,113.96,train
data\train\crazing\crazing_train_004.png,crazing_train_004.png,crazing,224,224,1.0,RGB,114.39,train
data\train\crazing\crazing_train_005.png,crazing_train_005.png,crazing,224,224,1.0,RGB,114.13,train
data\train\crazing\crazing_train_006.png,crazing_train_006.png,crazing,224,224,1.0,RGB,114.3,train
data\train\crazing\crazing_train_007.png,crazing_train_007.png,crazing,224,224,1.0,RGB,113.98,train
data\train\crazing\crazing_train_008.png,crazing_train_008.png,crazing,224,224,1.0,RGB,113.82,train
data\train\crazing\crazing_train_009.png,crazing_train_009.png,crazing,224,224,1.0,RGB,114.17,train
data\train\crazing\crazing_train_010.png,crazing_train_010.png,crazing,224,224,1.0,RGB,114.3,train
data\train\crazing\crazing_train_011.png,crazing_train_011.png,crazing,224,224,1.0,RGB,114.23,train
data\train\crazing\crazing_train_012.png,crazing_train_012.png,crazing,224,224,1.0,RGB,114.28,train
data\train\crazing\crazing_train_013.png,crazing_train_013.png,crazing,224,224,1.0,RGB,114.33,train
data\train\crazing\crazing_train_014.png,crazing_train_014.png,crazing,224,224,1.0,RGB,114.34,train
data\train\crazing\crazing_train_015.png,crazing_train_015.png,crazing,224,224,1.0,RGB,113.54,train
data\train\crazing\crazing_train_016.png,crazing_train_016.png,crazing,224,224,1.0,RGB,114.26,train
data\train\crazing\crazing_train_017.png,crazing_train_017.png,crazing,224,224,1.0,RGB,114.0,train
data\train\crazing\crazing_train_018.png,crazing_train_018.png,crazing,224,224,1.0,RGB,113.67,train
data\train\crazing\crazing_train_019.png,crazing_train_019.png,crazing,224,224,1.0,RGB,114.19,train
data\train\crazing\crazing_train_020.png,crazing_train_020.png,crazing,224,224,1.0,RGB,114.44,train
data\train\crazing\crazing_train_021.png,crazing_train_021.png,crazing,224,224,1.0,RGB,113.66,train
data\train\crazing\crazing_train_022.png,crazing_train_022.png,crazing,224,224,1.0,RGB,114.13,train
data\train\crazing\crazing_train_023.png,crazing_train_023.png,crazing,224,224,1.0,RGB,113.47,train
data\train\crazing\crazing_train_024.png,crazing_train_024.png,crazing,224,224,1.0,RGB,114.06,train
data\train\inclusion\inclusion_train_000.png,inclusion_train_000.png,inclusion,224,224,1.0,RGB,111.57,train
data\train\inclusion\inclusion_train_001.png,inclusion_train_001.png,inclusion,224,224,1.0,RGB,111.01,train
data\train\inclusion\inclusion_train_002.png,inclusion_train_002.png,inclusion,224,224,1.0,RGB,111.4,train
data\train\inclusion\inclusion_train_003.png,inclusion_train_003.png,inclusion,224,224,1.0,RGB,112.06,train
data\train\inclusion\inclusion_train_004.png,inclusion_train_004.png,inclusion,224,224,1.0,RGB,112.21,train
data\train\inclusion\inclusion_train_005.png,inclusion_train_005.png,inclusion,224,224,1.0,RGB,110.56,train
data\train\inclusion\inclusion_train_006.png,inclusion_train_006.png,inclusion,224,224,1.0,RGB,112.69,train
data\train\inclusion\inclusion_train_007.png,inclusion_train_007.png,inclusion,224,224,1.0,RGB,111.8,train
data\train\inclusion\inclusion_train_008.png,inclusion_train_008.png,inclusion,224,224,1.0,RGB,110.24,train
data\train\inclusion\inclusion_train_009.png,inclusion_train_009.png,inclusion,224,224,1.0,RGB,111.41,train
data\train\inclusion\inclusion_train_010.png,inclusion_train_010.png,inclusion,224,224,1.0,RGB,112.36,train
data\train\inclusion\inclusion_train_011.png,inclusion_train_011.png,inclusion,224,224,1.0,RGB,112.77,train
data\train\inclusion\inclusion_train_012.png,inclusion_train_012.png,inclusion,224,224,1.0,RGB,111.33,train
data\train\inclusion\inclusion_train_013.png,inclusion_train_013.png,inclusion,224,224,1.0,RGB,112.61,train
data\train\inclusion\inclusion_train_014.png,inclusion_train_014.png,inclusion,224,224,1.0,RGB,111.05,train
data\train\inclusion\inclusion_train_015.png,inclusion_train_015.png,inclusion,224,224,1.0,RGB,110.78,train
data\train\inclusion\inclusion_train_016.png,inclusion_train_016.png,inclusion,224,224,1.0,RGB,111.65,train
data\train\inclusion\inclusion_train_017.png,inclusion_train_017.png,inclusion,224,224,1.0,RGB,112.03,train
data\train\inclusion\inclusion_train_018.png,inclusion_train_018.png,inclusion,224,224,1.0,RGB,111.21,train
data\train\inclusion\inclusion_train_019.png,inclusion_train_019.png,inclusion,224,224,1.0,RGB,111.97,train
data\train\inclusion\inclusion_train_020.png,inclusion_train_020.png,inclusion,224,224,1.0,RGB,110.76,train
data\train\inclusion\inclusion_train_021.png,inclusion_train_021.png,inclusion,224,224,1.0,RGB,111.08,train
data\train\inclusion\inclusion_train_022.png,inclusion_train_022.png,inclusion,224,224,1.0,RGB,110.52,train
data\train\inclusion\inclusion_train_023.png,inclusion_train_023.png,inclusion,224,224,1.0,RGB,112.3,train
data\train\inclusion\inclusion_train_024.png,inclusion_train_024.png,inclusion,224,224,1.0,RGB,112.69,train
data\train\normal\normal_train_000.png,normal_train_000.png,normal,224,224,1.0,RGB,97.37,train
data\train\normal\normal_train_001.png,normal_train_001.png,normal,224,224,1.0,RGB,97.35,train
data\train\normal\normal_train_002.png,normal_train_002.png,normal,224,224,1.0,RGB,97.39,train
data\train\normal\normal_train_003.png,normal_train_003.png,normal,224,224,1.0,RGB,97.43,train
data\train\normal\normal_train_004.png,normal_train_004.png,normal,224,224,1.0,RGB,97.44,train
data\train\normal\normal_train_005.png,normal_train_005.png,normal,224,224,1.0,RGB,97.4,train
data\train\normal\normal_train_006.png,normal_train_006.png,normal,224,224,1.0,RGB,97.41,train
data\train\normal\normal_train_007.png,normal_train_007.png,normal,224,224,1.0,RGB,97.43,train
data\train\normal\normal_train_008.png,normal_train_008.png,normal,224,224,1.0,RGB,97.36,train
data\train\normal\normal_train_009.png,normal_train_009.png,normal,224,224,1.0,RGB,97.39,train
data\train\normal\normal_train_010.png,normal_train_010.png,normal,224,224,1.0,RGB,97.42,train
data\train\normal\normal_train_011.png,normal_train_011.png,normal,224,224,1.0,RGB,97.44,train
data\train\normal\normal_train_012.png,normal_train_012.png,normal,224,224,1.0,RGB,97.43,train
data\train\normal\normal_train_013.png,normal_train_013.png,normal,224,224,1.0,RGB,97.42,train
data\train\normal\normal_train_014.png,normal_train_014.png,normal,224,224,1.0,RGB,97.43,train
data\train\normal\normal_train_015.png,normal_train_015.png,normal,224,224,1.0,RGB,97.37,train
data\train\normal\normal_train_016.png,normal_train_016.png,normal,224,224,1.0,RGB,97.39,train
data\train\normal\normal_train_017.png,normal_train_017.png,normal,224,224,1.0,RGB,97.41,train
data\train\normal\normal_train_018.png,normal_train_018.png,normal,224,224,1.0,RGB,97.46,train
data\train\normal\normal_train_019.png,normal_train_019.png,normal,224,224,1.0,RGB,97.38,train
data\train\normal\normal_train_020.png,normal_train_020.png,normal,224,224,1.0,RGB,97.44,train
data\train\normal\normal_train_021.png,normal_train_021.png,normal,224,224,1.0,RGB,97.44,train
data\train\normal\normal_train_022.png,normal_train_022.png,normal,224,224,1.0,RGB,97.46,train
data\train\normal\normal_train_023.png,normal_train_023.png,normal,224,224,1.0,RGB,97.35,train
data\train\normal\normal_train_024.png,normal_train_024.png,normal,224,224,1.0,RGB,97.37,train
data\train\patches\patches_train_000.png,patches_train_000.png,patches,224,224,1.0,RGB,106.76,train
data\train\patches\patches_train_001.png,patches_train_001.png,patches,224,224,1.0,RGB,110.33,train
data\train\patches\patches_train_002.png,patches_train_002.png,patches,224,224,1.0,RGB,95.0,train
data\train\patches\patches_train_003.png,patches_train_003.png,patches,224,224,1.0,RGB,91.45,train
data\train\patches\patches_train_004.png,patches_train_004.png,patches,224,224,1.0,RGB,108.57,train
data\train\patches\patches_train_005.png,patches_train_005.png,patches,224,224,1.0,RGB,99.14,train
data\train\patches\patches_train_006.png,patches_train_006.png,patches,224,224,1.0,RGB,97.29,train
data\train\patches\patches_train_007.png,patches_train_007.png,patches,224,224,1.0,RGB,103.38,train
data\train\patches\patches_train_008.png,patches_train_008.png,patches,224,224,1.0,RGB,107.58,train
data\train\patches\patches_train_009.png,patches_train_009.png,patches,224,224,1.0,RGB,89.29,train
data\train\patches\patches_train_010.png,patches_train_010.png,patches,224,224,1.0,RGB,103.67,train
data\train\patches\patches_train_011.png,patches_train_011.png,patches,224,224,1.0,RGB,95.87,train
data\train\patches\patches_train_012.png,patches_train_012.png,patches,224,224,1.0,RGB,103.46,train
data\train\patches\patches_train_013.png,patches_train_013.png,patches,224,224,1.0,RGB,102.16,train
data\train\patches\patches_train_014.png,patches_train_014.png,patches,224,224,1.0,RGB,90.0,train
data\train\patches\patches_train_015.png,patches_train_015.png,patches,224,224,1.0,RGB,93.36,train
data\train\patches\patches_train_016.png,patches_train_016.png,patches,224,224,1.0,RGB,102.18,train
data\train\patches\patches_train_017.png,patches_train_017.png,patches,224,224,1.0,RGB,106.21,train
data\train\patches\patches_train_018.png,patches_train_018.png,patches,224,224,1.0,RGB,108.69,train
data\train\patches\patches_train_019.png,patches_train_019.png,patches,224,224,1.0,RGB,97.79,train
data\train\patches\patches_train_020.png,patches_train_020.png,patches,224,224,1.0,RGB,98.3,train
data\train\patches\patches_train_021.png,patches_train_021.png,patches,224,224,1.0,RGB,100.08,train
data\train\patches\patches_train_022.png,patches_train_022.png,patches,224,224,1.0,RGB,106.63,train
data\train\patches\patches_train_023.png,patches_train_023.png,patches,224,224,1.0,RGB,100.28,train
data\train\patches\patches_train_024.png,patches_train_024.png,patches,224,224,1.0,RGB,98.17,train
data\train\pitted_surface\pitted_surface_train_000.png,pitted_surface_train_000.png,pitted_surface,224,224,1.0,RGB,112.91,train
data\train\pitted_surface\pitted_surface_train_001.png,pitted_surface_train_001.png,pitted_surface,224,224,1.0,RGB,112.97,train
data\train\pitted_surface\pitted_surface_train_002.png,pitted_surface_train_002.png,pitted_surface,224,224,1.0,RGB,113.08,train
data\train\pitted_surface\pitted_surface_train_003.png,pitted_surface_train_003.png,pitted_surface,224,224,1.0,RGB,112.8,train
data\train\pitted_surface\pitted_surface_train_004.png,pitted_surface_train_004.png,pitted_surface,224,224,1.0,RGB,112.77,train
data\train\pitted_surface\pitted_surface_train_005.png,pitted_surface_train_005.png,pitted_surface,224,224,1.0,RGB,112.81,train
data\train\pitted_surface\pitted_surface_train_006.png,pitted_surface_train_006.png,pitted_surface,224,224,1.0,RGB,112.92,train
data\train\pitted_surface\pitted_surface_train_007.png,pitted_surface_train_007.png,pitted_surface,224,224,1.0,RGB,113.03,train
data\train\pitted_surface\pitted_surface_train_008.png,pitted_surface_train_008.png,pitted_surface,224,224,1.0,RGB,112.76,train
data\train\pitted_surface\pitted_surface_train_009.png,pitted_surface_train_009.png,pitted_surface,224,224,1.0,RGB,113.08,train
data\train\pitted_surface\pitted_surface_train_010.png,pitted_surface_train_010.png,pitted_surface,224,224,1.0,RGB,113.01,train
data\train\pitted_surface\pitted_surface_train_011.png,pitted_surface_train_011.png,pitted_surface,224,224,1.0,RGB,112.51,train
data\train\pitted_surface\pitted_surface_train_012.png,pitted_surface_train_012.png,pitted_surface,224,224,1.0,RGB,112.83,train
data\train\pitted_surface\pitted_surface_train_013.png,pitted_surface_train_013.png,pitted_surface,224,224,1.0,RGB,112.97,train
data\train\pitted_surface\pitted_surface_train_014.png,pitted_surface_train_014.png,pitted_surface,224,224,1.0,RGB,113.11,train
data\train\pitted_surface\pitted_surface_train_015.png,pitted_surface_train_015.png,pitted_surface,224,224,1.0,RGB,112.78,train
data\train\pitted_surface\pitted_surface_train_016.png,pitted_surface_train_016.png,pitted_surface,224,224,1.0,RGB,113.12,train
data\train\pitted_surface\pitted_surface_train_017.png,pitted_surface_train_017.png,pitted_surface,224,224,1.0,RGB,112.95,train
data\train\pitted_surface\pitted_surface_train_018.png,pitted_surface_train_018.png,pitted_surface,224,224,1.0,RGB,113.12,train
data\train\pitted_surface\pitted_surface_train_019.png,pitted_surface_train_019.png,pitted_surface,224,224,1.0,RGB,112.74,train
data\train\pitted_surface\pitted_surface_train_020.png,pitted_surface_train_020.png,pitted_surface,224,224,1.0,RGB,113.03,train
data\train\pitted_surface\pitted_surface_train_021.png,pitted_surface_train_021.png,pitted_surface,224,224,1.0,RGB,113.1,train
data\train\pitted_surface\pitted_surface_train_022.png,pitted_surface_train_022.png,pitted_surface,224,224,1.0,RGB,112.89,train
data\train\pitted_surface\pitted_surface_train_023.png,pitted_surface_train_023.png,pitted_surface,224,224,1.0,RGB,112.38,train
data\train\pitted_surface\pitted_surface_train_024.png,pitted_surface_train_024.png,pitted_surface,224,224,1.0,RGB,112.83,train
data\train\rolled-in_scale\rolled-in_scale_train_000.png,rolled-in_scale_train_000.png,rolled-in_scale,224,224,1.0,RGB,107.06,train
data\train\rolled-in_scale\rolled-in_scale_train_001.png,rolled-in_scale_train_001.png,rolled-in_scale,224,224,1.0,RGB,105.48,train
data\train\rolled-in_scale\rolled-in_scale_train_002.png,rolled-in_scale_train_002.png,rolled-in_scale,224,224,1.0,RGB,109.56,train
data\train\rolled-in_scale\rolled-in_scale_train_003.png,rolled-in_scale_train_003.png,rolled-in_scale,224,224,1.0,RGB,109.59,train
data\train\rolled-in_scale\rolled-in_scale_train_004.png,rolled-in_scale_train_004.png,rolled-in_scale,224,224,1.0,RGB,106.53,train
data\train\rolled-in_scale\rolled-in_scale_train_005.png,rolled-in_scale_train_005.png,rolled-in_scale,224,224,1.0,RGB,109.61,train
data\train\rolled-in_scale\rolled-in_scale_train_006.png,rolled-in_scale_train_006.png,rolled-in_scale,224,224,1.0,RGB,111.27,train
data\train\rolled-in_scale\rolled-in_scale_train_007.png,rolled-in_scale_train_007.png,rolled-in_scale,224,224,1.0,RGB,109.88,train
data\train\rolled-in_scale\rolled-in_scale_train_008.png,rolled-in_scale_train_008.png,rolled-in_scale,224,224,1.0,RGB,108.38,train
data\train\rolled-in_scale\rolled-in_scale_train_009.png,rolled-in_scale_train_009.png,rolled-in_scale,224,224,1.0,RGB,105.15,train
data\train\rolled-in_scale\rolled-in_scale_train_010.png,rolled-in_scale_train_010.png,rolled-in_scale,224,224,1.0,RGB,107.45,train
data\train\rolled-in_scale\rolled-in_scale_train_011.png,rolled-in_scale_train_011.png,rolled-in_scale,224,224,1.0,RGB,108.15,train
data\train\rolled-in_scale\rolled-in_scale_train_012.png,rolled-in_scale_train_012.png,rolled-in_scale,224,224,1.0,RGB,107.5,train
data\train\rolled-in_scale\rolled-in_scale_train_013.png,rolled-in_scale_train_013.png,rolled-in_scale,224,224,1.0,RGB,108.51,train
data\train\rolled-in_scale\rolled-in_scale_train_014.png,rolled-in_scale_train_014.png,rolled-in_scale,224,224,1.0,RGB,107.81,train
data\train\rolled-in_scale\rolled-in_scale_train_015.png,rolled-in_scale_train_015.png,rolled-in_scale,224,224,1.0,RGB,105.84,train
data\train\rolled-in_scale\rolled-in_scale_train_016.png,rolled-in_scale_train_016.png,rolled-in_scale,224,224,1.0,RGB,108.17,train
data\train\rolled-in_scale\rolled-in_scale_train_017.png,rolled-in_scale_train_017.png,rolled-in_scale,224,224,1.0,RGB,109.47,train
data\train\rolled-in_scale\rolled-in_scale_train_018.png,rolled-in_scale_train_018.png,rolled-in_scale,224,224,1.0,RGB,106.92,train
data\train\rolled-in_scale\rolled-in_scale_train_019.png,rolled-in_scale_train_019.png,rolled-in_scale,224,224,1.0,RGB,111.21,train
data\train\rolled-in_scale\rolled-in_scale_train_020.png,rolled-in_scale_train_020.png,rolled-in_scale,224,224,1.0,RGB,109.91,train
data\train\rolled-in_scale\rolled-in_scale_train_021.png,rolled-in_scale_train_021.png,rolled-in_scale,224,224,1.0,RGB,108.08,train
data\train\rolled-in_scale\rolled-in_scale_train_022.png,rolled-in_scale_train_022.png,rolled-in_scale,224,224,1.0,RGB,109.94,train
data\train\rolled-in_scale\rolled-in_scale_train_023.png,rolled-in_scale_train_023.png,rolled-in_scale,224,224,1.0,RGB,108.84,train
data\train\rolled-in_scale\rolled-in_scale_train_024.png,rolled-in_scale_train_024.png,rolled-in_scale,224,224,1.0,RGB,110.1,train
data\train\scratches\scratches_train_000.png,scratches_train_000.png,scratches,224,224,1.0,RGB,113.75,train
data\train\scratches\scratches_train_001.png,scratches_train_001.png,scratches,224,224,1.0,RGB,113.72,train
data\train\scratches\scratches_train_002.png,scratches_train_002.png,scratches,224,224,1.0,RGB,113.62,train
data\train\scratches\scratches_train_003.png,scratches_train_003.png,scratches,224,224,1.0,RGB,113.47,train
data\train\scratches\scratches_train_004.png,scratches_train_004.png,scratches,224,224,1.0,RGB,113.31,train
data\train\scratches\scratches_train_005.png,scratches_train_005.png,scratches,224,224,1.0,RGB,113.27,train
data\train\scratches\scratches_train_006.png,scratches_train_006.png,scratches,224,224,1.0,RGB,113.45,train
data\train\scratches\scratches_train_007.png,scratches_train_007.png,scratches,224,224,1.0,RGB,113.64,train
data\train\scratches\scratches_train_008.png,scratches_train_008.png,scratches,224,224,1.0,RGB,113.29,train
data\train\scratches\scratches_train_009.png,scratches_train_009.png,scratches,224,224,1.0,RGB,113.34,train
data\train\scratches\scratches_train_010.png,scratches_train_010.png,scratches,224,224,1.0,RGB,113.62,train
data\train\scratches\scratches_train_011.png,scratches_train_011.png,scratches,224,224,1.0,RGB,113.46,train
data\train\scratches\scratches_train_012.png,scratches_train_012.png,scratches,224,224,1.0,RGB,113.58,train
data\train\scratches\scratches_train_013.png,scratches_train_013.png,scratches,224,224,1.0,RGB,113.15,train
data\train\scratches\scratches_train_014.png,scratches_train_014.png,scratches,224,224,1.0,RGB,113.96,train
data\train\scratches\scratches_train_015.png,scratches_train_015.png,scratches,224,224,1.0,RGB,113.17,train
data\train\scratches\scratches_train_016.png,scratches_train_016.png,scratches,224,224,1.0,RGB,113.9,train
data\train\scratches\scratches_train_017.png,scratches_train_017.png,scratches,224,224,1.0,RGB,113.14,train
data\train\scratches\scratches_train_018.png,scratches_train_018.png,scratches,224,224,1.0,RGB,113.66,train
data\train\scratches\scratches_train_019.png,scratches_train_019.png,scratches,224,224,1.0,RGB,113.31,train
data\train\scratches\scratches_train_020.png,scratches_train_020.png,scratches,224,224,1.0,RGB,113.39,train
data\train\scratches\scratches_train_021.png,scratches_train_021.png,scratches,224,224,1.0,RGB,113.2,train
data\train\scratches\scratches_train_022.png,scratches_train_022.png,scratches,224,224,1.0,RGB,113.09,train
data\train\scratches\scratches_train_023.png,scratches_train_023.png,scratches,224,224,1.0,RGB,113.13,train
data\train\scratches\scratches_train_024.png,scratches_train_024.png,scratches,224,224,1.0,RGB,113.4,train
data\validation\crazing\crazing_val_000.png,crazing_val_000.png,crazing,224,224,1.0,RGB,113.94,validation
data\validation\crazing\crazing_val_001.png,crazing_val_001.png,crazing,224,224,1.0,RGB,114.15,validation
data\validation\crazing\crazing_val_002.png,crazing_val_002.png,crazing,224,224,1.0,RGB,114.51,validation
data\validation\crazing\crazing_val_003.png,crazing_val_003.png,crazing,224,224,1.0,RGB,114.06,validation
data\validation\crazing\crazing_val_004.png,crazing_val_004.png,crazing,224,224,1.0,RGB,114.37,validation
data\validation\inclusion\inclusion_val_000.png,inclusion_val_000.png,inclusion,224,224,1.0,RGB,111.57,validation
data\validation\inclusion\inclusion_val_001.png,inclusion_val_001.png,inclusion,224,224,1.0,RGB,111.47,validation
data\validation\inclusion\inclusion_val_002.png,inclusion_val_002.png,inclusion,224,224,1.0,RGB,110.71,validation
data\validation\inclusion\inclusion_val_003.png,inclusion_val_003.png,inclusion,224,224,1.0,RGB,108.83,validation
data\validation\inclusion\inclusion_val_004.png,inclusion_val_004.png,inclusion,224,224,1.0,RGB,111.96,validation
data\validation\normal\normal_val_000.png,normal_val_000.png,normal,224,224,1.0,RGB,97.37,validation
data\validation\normal\normal_val_001.png,normal_val_001.png,normal,224,224,1.0,RGB,97.34,validation
data\validation\normal\normal_val_002.png,normal_val_002.png,normal,224,224,1.0,RGB,97.31,validation
data\validation\normal\normal_val_003.png,normal_val_003.png,normal,224,224,1.0,RGB,97.42,validation
data\validation\normal\normal_val_004.png,normal_val_004.png,normal,224,224,1.0,RGB,97.34,validation
data\validation\patches\patches_val_000.png,patches_val_000.png,patches,224,224,1.0,RGB,98.58,validation
data\validation\patches\patches_val_001.png,patches_val_001.png,patches,224,224,1.0,RGB,101.65,validation
data\validation\patches\patches_val_002.png,patches_val_002.png,patches,224,224,1.0,RGB,93.21,validation
data\validation\patches\patches_val_003.png,patches_val_003.png,patches,224,224,1.0,RGB,92.32,validation
data\validation\patches\patches_val_004.png,patches_val_004.png,patches,224,224,1.0,RGB,105.93,validation
data\validation\pitted_surface\pitted_surface_val_000.png,pitted_surface_val_000.png,pitted_surface,224,224,1.0,RGB,112.97,validation
data\validation\pitted_surface\pitted_surface_val_001.png,pitted_surface_val_001.png,pitted_surface,224,224,1.0,RGB,112.8,validation
data\validation\pitted_surface\pitted_surface_val_002.png,pitted_surface_val_002.png,pitted_surface,224,224,1.0,RGB,113.04,validation
data\validation\pitted_surface\pitted_surface_val_003.png,pitted_surface_val_003.png,pitted_surface,224,224,1.0,RGB,113.17,validation
data\validation\pitted_surface\pitted_surface_val_004.png,pitted_surface_val_004.png,pitted_surface,224,224,1.0,RGB,113.2,validation
data\validation\rolled-in_scale\rolled-in_scale_val_000.png,rolled-in_scale_val_000.png,rolled-in_scale,224,224,1.0,RGB,107.46,validation
data\validation\rolled-in_scale\rolled-in_scale_val_001.png,rolled-in_scale_val_001.png,rolled-in_scale,224,224,1.0,RGB,106.54,validation
data\validation\rolled-in_scale\rolled-in_scale_val_002.png,rolled-in_scale_val_002.png,rolled-in_scale,224,224,1.0,RGB,107.75,validation
data\validation\rolled-in_scale\rolled-in_scale_val_003.png,rolled-in_scale_val_003.png,rolled-in_scale,224,224,1.0,RGB,108.93,validation
data\validation\rolled-in_scale\rolled-in_scale_val_004.png,rolled-in_scale_val_004.png,rolled-in_scale,224,224,1.0,RGB,106.02,validation
data\validation\scratches\scratches_val_000.png,scratches_val_000.png,scratches,224,224,1.0,RGB,113.06,validation
data\validation\scratches\scratches_val_001.png,scratches_val_001.png,scratches,224,224,1.0,RGB,113.29,validation
data\validation\scratches\scratches_val_002.png,scratches_val_002.png,scratches,224,224,1.0,RGB,113.48,validation
data\validation\scratches\scratches_val_003.png,scratches_val_003.png,scratches,224,224,1.0,RGB,113.17,validation
data\validation\scratches\scratches_val_004.png,scratches_val_004.png,scratches,224,224,1.0,RGB,113.17,validation
